{
  "$schema": "https://schema.management.azure.com/schemas/0.1.2-preview/CreateUIDefinition.MultiVm.json#",
  "handler": "Microsoft.Azure.CreateUIDef",
  "version": "0.1.2-preview",
  "parameters": {
    "basics": [
      {}
    ],
    "steps": [
      {
        "name": "tags",
        "label": "Tags",
        "elements": [
          {
            "name": "tagsByResource",
            "type": "Microsoft.Common.TagsByResource",
            "resources": [
              "Microsoft.Storage/storageAccounts",
              "Microsoft.Compute/virtualMachines"
            ]
          }
        ]
      }
    ],
    "outputs": {
      "location": "[location()]",
      "tagsByResource": "[steps('tags').tagsByResource]"
    }
  }
}